id;setId;name;rarity;imageUrl;bbox;propertyValue1;propertyValue2;propertyValue3;propertyValue4;propertyValue5;propertyValue6;propertyValue7;propertyValue8;propertyValue9;propertyValue10
dbca68b0-5a84-467c-875e-8935c6f66e87;4d08314f-2224-4eff-a3bd-8d141d981fad;🇦🇫 Afghanistan;3;https://borderly.dev/country/af.svg?fill=0000FF&stroke=0000FF;60.4857421875,29.3919433594,74.8913085938,38.4563964844;43844000;Kabul;Asia;Dari,Pashto,Turkmen;Afghan Afghani
c6480c64-52fc-4297-bed1-92bd5d26cad4;4d08314f-2224-4eff-a3bd-8d141d981fad;🇦🇱 Albania;1;https://borderly.dev/country/al.svg?fill=A98467&stroke=A98467;19.2806640625,39.653515625,21.0310546875,42.6479492188;2335930;Tirana;Europe;Albanian;Albanian Lek
0fd8f338-3432-4a31-934c-ddc58b7665f2;4d08314f-2224-4eff-a3bd-8d141d981fad;🇩🇿 Algeria;3;https://borderly.dev/country/dz.svg?fill=0000FF&stroke=0000FF;-8.68334960938,18.9866210938,11.9678710938,37.0923828125;47400000;Algiers;Africa;Arabic;Algerian Dinar
c3f9bc0c-b204-402f-9dd5-321207b64ba9;4d08314f-2224-4eff-a3bd-8d141d981fad;🇦🇩 Andorra;1;https://borderly.dev/country/ad.svg?fill=A98467&stroke=A98467;1.41484375,42.4344726562,1.740234375,42.6427246094;89484;Andorra La Vella;Europe;Catalan;Euro
c82f34ea-b5f7-460b-b684-0907db324763;4d08314f-2224-4eff-a3bd-8d141d981fad;🇦🇴 Angola;3;https://borderly.dev/country/ao.svg?fill=0000FF&stroke=0000FF;11.7430664063,-18.0197265625,24.0466796875,-4.42890625;38778554;Luanda;Africa;Portuguese;Angolan Kwanza
d43cb25a-86b2-4f33-92b5-0cd2849e36e9;4d08314f-2224-4eff-a3bd-8d141d981fad;🇦🇬 Antigua and Barbuda;1;https://borderly.dev/country/ag.svg?fill=A98467&stroke=A98467;-61.887109375,16.9971679687,-61.6860351562,17.7140625;106365;Saint John's;North America;English;Eastern Caribbean Dollar
c1105b2f-aa9e-427f-bd30-f9c65d134800;4d08314f-2224-4eff-a3bd-8d141d981fad;🇦🇷 Argentina;3;https://borderly.dev/country/ar.svg?fill=0000FF&stroke=0000FF;-73.5762695312,-55.0321289062,-53.6685546875,-21.8025390625;46387098;Buenos Aires;South America;Guarani,Spanish;Argentine Peso
cd9da29f-41ad-41e0-bc14-f568562f0fc4;4d08314f-2224-4eff-a3bd-8d141d981fad;🇦🇲 Armenia;1;https://borderly.dev/country/am.svg?fill=A98467&stroke=A98467;43.439453125,38.8690429688,46.584765625,41.2909667969;3096900;Yerevan;Asia;Armenian;Armenian Dram
0e35d430-f30e-45d5-8dab-585b99219906;4d08314f-2224-4eff-a3bd-8d141d981fad;🇦🇺 Australia;3;https://borderly.dev/country/au.svg?fill=0000FF&stroke=0000FF;112.908203125,-54.74921875,158.958886719,-10.0517578125;27801023;Canberra;Oceania;English;Australian Dollar
7821dad3-8538-43c6-9539-57dd40d87b34;4d08314f-2224-4eff-a3bd-8d141d981fad;🇦🇹 Austria;2;https://borderly.dev/country/at.svg?fill=00FF00&stroke=00FF00;9.5240234375,46.3997070312,17.1473632813,49.0011230469;9220882;Vienna;Europe;German;Euro
483aa8ad-e5f4-4cde-b7c1-57455b6b0f2c;4d08314f-2224-4eff-a3bd-8d141d981fad;🇦🇿 Azerbaijan;2;https://borderly.dev/country/az.svg?fill=00FF00&stroke=00FF00;44.7682617188,38.3987304687,50.3659179688,41.8909667969;10266627;Baku;Europe,Asia;Azerbaijani;Azerbaijani Manat
de8510f9-99fe-4a41-9a74-f3b58aeaf256;4d08314f-2224-4eff-a3bd-8d141d981fad;🇧🇸 Bahamas;1;https://borderly.dev/country/bs.svg?fill=A98467&stroke=A98467;-78.9856445312,20.9374023438,-72.747265625,26.9400878906;398165;Nassau;North America;English;Bahamian Dollar,United States Dollar
836224ca-74f1-40a0-9817-ccfc2a7e3c62;4d08314f-2224-4eff-a3bd-8d141d981fad;🇧🇭 Bahrain;1;https://borderly.dev/country/bh.svg?fill=A98467&stroke=A98467;50.4524414063,25.8067871094,50.6174804688,26.2464355469;1603260;Manama;Asia;Arabic;Bahraini Dinar
809890bb-a339-4fcd-b6b1-153ad9e45330;4d08314f-2224-4eff-a3bd-8d141d981fad;🇧🇩 Bangladesh;4;https://borderly.dev/country/bd.svg?fill=800080&stroke=800080;88.0234375,20.7904296875,92.631640625,26.5715332031;169828911;Dhaka;Asia;Bengali;Bangladeshi Taka
47c3b432-6666-4829-a6da-92585feb78de;4d08314f-2224-4eff-a3bd-8d141d981fad;🇧🇧 Barbados;1;https://borderly.dev/country/bb.svg?fill=A98467&stroke=A98467;-59.6466796875,13.0622070312,-59.4276367187,13.3176757813;261692;Bridgetown;North America;English;Barbadian Dollar
2ebfd3a4-56da-498e-9470-43d5ed08d6ec;4d08314f-2224-4eff-a3bd-8d141d981fad;🇧🇾 Belarus;2;https://borderly.dev/country/by.svg?fill=00FF00&stroke=00FF00;23.1750976563,51.2650390625,32.7102539063,56.1458007812;9056080;Minsk;Europe;Belarusian,Russian;Belarusian Ruble
e225f3ac-8bd3-455f-919f-a5b9a2cfc1db;4d08314f-2224-4eff-a3bd-8d141d981fad;🇧🇪 Belgium;2;https://borderly.dev/country/be.svg?fill=00FF00&stroke=00FF00;2.52490234375,49.5108886719,6.364453125,51.4911132813;11936546;Brussels;Europe;German,French,Dutch;Euro
2fc04f46-02d6-4096-a49b-0cdbfcffe461;4d08314f-2224-4eff-a3bd-8d141d981fad;🇧🇿 Belize;1;https://borderly.dev/country/bz.svg?fill=A98467&stroke=A98467;-89.2375,15.888671875,-87.7886230469,18.4823242188;417634;Belmopan;North America;Belize Kriol,English,Spanish;Belize Dollar
53ccb228-6eac-4f3c-9d95-829ca77b5110;4d08314f-2224-4eff-a3bd-8d141d981fad;🇧🇯 Benin;2;https://borderly.dev/country/bj.svg?fill=00FF00&stroke=00FF00;0.76337890625,6.216796875,3.83447265625,12.3838378906;13224860;Porto-Novo;Africa;French;West African CFA Franc
fda0fe4d-7f5a-4f02-b0be-c490afdf0ef7;4d08314f-2224-4eff-a3bd-8d141d981fad;🇧🇹 Bhutan;1;https://borderly.dev/country/bt.svg?fill=A98467&stroke=A98467;88.7387695312,26.7015625,92.0833984375,28.3111816406;784043;Thimphu;Asia;Dzongkha;Bhutanese Ngultrum,Indian Rupee
6f3eb5e8-72a3-4f45-b57c-aa3c3b82efc9;4d08314f-2224-4eff-a3bd-8d141d981fad;🇧🇴 Bolivia;2;https://borderly.dev/country/bo.svg?fill=00FF00&stroke=00FF00;-69.645703125,-22.8916992188,-57.4956542969,-9.71044921875;11365333;Sucre,La Paz;South America;Aymara,Guarani,Quechua,Spanish;Bolivian Boliviano
23b27350-4be3-4eaf-a840-ce3a16996883;4d08314f-2224-4eff-a3bd-8d141d981fad;🇧🇦 Bosnia and Herzegovina;1;https://borderly.dev/country/ba.svg?fill=A98467&stroke=A98467;15.7366210938,42.5597167969,19.5837890625,45.2765625;3412000;Sarajevo;Europe;Bosnian,Croatian,Serbian;Bosnia And Herzegovina Convertible Mark
17ae974a-492d-46c2-8dd4-dbfa4f8c542a;4d08314f-2224-4eff-a3bd-8d141d981fad;🇧🇼 Botswana;1;https://borderly.dev/country/bw.svg?fill=A98467&stroke=A98467;19.97734375,-26.8541992188,29.36484375,-17.7875976562;2359609;Gaborone;Africa;English,Tswana;Botswana Pula
f60abc25-b180-48e9-bb27-5db93238f188;4d08314f-2224-4eff-a3bd-8d141d981fad;🇧🇷 Brazil;4;https://borderly.dev/country/br.svg?fill=800080&stroke=800080;-74.0020507813,-33.7421875,-34.80546875,5.25795898437;213421037;Brasília;South America;Portuguese;Brazilian Real
570997e0-fed6-453f-9d09-7a4ddc164641;4d08314f-2224-4eff-a3bd-8d141d981fad;🇧🇳 Brunei;1;https://borderly.dev/country/bn.svg?fill=A98467&stroke=A98467;114.063867187,4.02397460938,115.326757813,5.02236328125;458600;Bandar Seri Begawan;Asia;Malay;Brunei Dollar,Singapore Dollar
e7a0e666-49ba-4d1f-96c1-d595cb43c226;4d08314f-2224-4eff-a3bd-8d141d981fad;🇧🇬 Bulgaria;2;https://borderly.dev/country/bg.svg?fill=00FF00&stroke=00FF00;22.3440429688,41.2435546875,28.5853515625,44.2377929688;6423207;Sofia;Europe;Bulgarian;Euro
ff9f66a3-13cd-45ec-8458-3f37e737fa06;4d08314f-2224-4eff-a3bd-8d141d981fad;🇧🇫 Burkina Faso;2;https://borderly.dev/country/bf.svg?fill=00FF00&stroke=00FF00;-5.52353515625,9.42470703125,2.38916015625,15.0778808594;22489126;Ouagadougou;Africa;French;West African CFA Franc
311d7bc0-fc20-419b-8bfb-9b157322e89c;4d08314f-2224-4eff-a3bd-8d141d981fad;🇧🇮 Burundi;2;https://borderly.dev/country/bi.svg?fill=00FF00&stroke=00FF00;29.0141601562,-4.455859375,30.8114257813,-2.31298828125;12332788;Gitega;Africa;French,Rundi;Burundian Franc
19e57653-f196-4338-9079-ae2b4cc53ab7;4d08314f-2224-4eff-a3bd-8d141d981fad;🇨🇻 Cabo Verde;1;https://borderly.dev/country/cv.svg?fill=A98467&stroke=A98467;-25.3415527344,14.8182128906,-22.6818847656,17.1936523438;491233;Praia;Africa;Portuguese;Cape Verdean Escudo
05b6e2ef-2630-4c67-88b1-0d1b9fe6a11c;4d08314f-2224-4eff-a3bd-8d141d981fad;🇰🇭 Cambodia;2;https://borderly.dev/country/kh.svg?fill=00FF00&stroke=00FF00;102.319726563,10.4112304687,107.60546875,14.705078125;17577760;Phnom Penh;Asia;Khmer;Cambodian Riel,United States Dollar
360d22ea-3a40-42b7-a9c5-5831febede83;4d08314f-2224-4eff-a3bd-8d141d981fad;🇨🇲 Cameroon;3;https://borderly.dev/country/cm.svg?fill=0000FF&stroke=0000FF;8.5328125,1.67622070312,16.1833984375,13.078515625;29442327;Yaoundé;Africa;English,French;Central African CFA Franc
d9ef023d-e474-41b1-90ac-c5cd6be753c7;4d08314f-2224-4eff-a3bd-8d141d981fad;🇨🇦 Canada;3;https://borderly.dev/country/ca.svg?fill=0000FF&stroke=0000FF;-141.002148438,41.6748535156,-52.6536621094,83.1161132813;41417056;Ottawa;North America;English,French;Canadian Dollar
baf03967-be96-49c0-9434-e1114eddefd8;4d08314f-2224-4eff-a3bd-8d141d981fad;🇨🇫 Central African Republic;2;https://borderly.dev/country/cf.svg?fill=00FF00&stroke=00FF00;14.4311523438,2.27006835937,27.4033203125,10.9962402344;5513282;Bangui;Africa;French,Sango;Central African CFA Franc
a3dd62c0-7e69-4429-966b-58286e40fbb7;4d08314f-2224-4eff-a3bd-8d141d981fad;🇹🇩 Chad;2;https://borderly.dev/country/td.svg?fill=00FF00&stroke=00FF00;13.4482421875,7.47529296875,23.9833984375,23.4452148437;20031602;N'Djamena;Africa;Arabic,French;Central African CFA Franc
f2ab4d6b-3ac2-46d9-ad7e-bffd0eb2986e;4d08314f-2224-4eff-a3bd-8d141d981fad;🇨🇱 Chile;2;https://borderly.dev/country/cl.svg?fill=00FF00&stroke=00FF00;-109.434130859,-55.8916992188,-66.4357910156,-17.5060546875;20206953;Santiago;South America;Spanish;Chilean Peso
395443cf-ad29-445d-aacd-6ec2c1545bdb;4d08314f-2224-4eff-a3bd-8d141d981fad;🇨🇳 China;5;https://borderly.dev/country/cn.svg?fill=FF8000&stroke=FF8000;73.6073242187,18.2182617188,134.75234375,53.5556152344;1404890000;Beijing;Asia;Chinese;Chinese Yuan
0a99aa3f-6add-4a0c-a455-ab7c902ef157;4d08314f-2224-4eff-a3bd-8d141d981fad;🇨🇴 Colombia;3;https://borderly.dev/country/co.svg?fill=0000FF&stroke=0000FF;-82.39,-4.2359375,-66.8760253906,15.33;53057212;Bogotá;South America;Spanish;Colombian Peso
c09db764-3f7c-47ba-a81f-3ddca26c9ee0;4d08314f-2224-4eff-a3bd-8d141d981fad;🇰🇲 Comoros;1;https://borderly.dev/country/km.svg?fill=A98467&stroke=A98467;43.2266601563,-12.3682617187,44.5267578125,-11.3684570312;944388;Moroni;Africa;Arabic,French,Ngazidja Comorian;Comorian Franc
db97963e-89ec-402d-9b55-a0959d103974;4d08314f-2224-4eff-a3bd-8d141d981fad;🇨🇬 Congo;2;https://borderly.dev/country/cg.svg?fill=00FF00&stroke=00FF00;11.1301757813,-5.004296875,18.6221679688,3.6873046875;6332961;Brazzaville;Africa;French,Kongo,Lingala;Central African CFA Franc
78a3c656-d2e4-4487-bca6-e377415ab679;4d08314f-2224-4eff-a3bd-8d141d981fad;🇨🇷 Costa Rica;2;https://borderly.dev/country/cr.svg?fill=00FF00&stroke=00FF00;-85.9080078125,8.07065429687,-82.5635742187,11.189453125;5160700;San José;North America;Spanish;Costa Rican Colón
5fdb39ef-11b9-4554-bd42-1513974fea6b;4d08314f-2224-4eff-a3bd-8d141d981fad;🇭🇷 Croatia;1;https://borderly.dev/country/hr.svg?fill=A98467&stroke=A98467;13.5171875,42.4329101562,19.4009765625,46.5346191406;3866233;Zagreb;Europe;Croatian;Euro
25ba74e8-23c5-4ecb-a336-26d068a88602;4d08314f-2224-4eff-a3bd-8d141d981fad;🇨🇺 Cuba;2;https://borderly.dev/country/cu.svg?fill=00FF00&stroke=00FF00;-84.8872070313,19.85546875,-74.1368164063,23.1904296875;9748007;Havana;North America;Spanish;Cuban Convertible Peso,Cuban Peso
781325e1-d5bf-48a2-9714-11077357ec8d;4d08314f-2224-4eff-a3bd-8d141d981fad;🇨🇾 Cyprus;1;https://borderly.dev/country/cy.svg?fill=A98467&stroke=A98467;32.3009765625,34.5695800781,34.5560546875,35.6620605469;983000;Nicosia;Europe;Greek,Turkish;Euro
fde15a44-51d7-40e8-b312-2033442c5137;4d08314f-2224-4eff-a3bd-8d141d981fad;🇨🇿 Czechia;2;https://borderly.dev/country/cz.svg?fill=00FF00&stroke=00FF00;12.0897460938,48.5762207031,18.8322265625,51.0377929687;10896003;Prague;Europe;Czech,Slovak;Czech Koruna
3d4ccf0b-d310-4c03-8d3e-350b6a838a11;4d08314f-2224-4eff-a3bd-8d141d981fad;🇨🇩 DRC;4;https://borderly.dev/country/cd.svg?fill=800080&stroke=800080;12.213671875,-13.4538085938,31.2740234375,5.312109375;124388160;Kinshasa;Africa;French,Kongo,Lingala,Luba-Lulua,Swahili;Congolese Franc
44fe08cd-86d6-4956-882a-4d2ec12f5976;4d08314f-2224-4eff-a3bd-8d141d981fad;🇩🇰 Denmark;2;https://borderly.dev/country/dk.svg?fill=00FF00&stroke=00FF00;8.121484375,54.6288574219,15.137109375,57.7369140625;6031992;Copenhagen;Europe;Danish;Danish Krone
fb4b4ab5-638f-451e-b360-9dc55e1a913a;4d08314f-2224-4eff-a3bd-8d141d981fad;🇩🇯 Djibouti;1;https://borderly.dev/country/dj.svg?fill=A98467&stroke=A98467;41.7646484375,10.941015625,43.409765625,12.70859375;1066809;Djibouti;Africa;Arabic,French;Djiboutian Franc
367abf10-46a0-4851-83ff-50f997b27d69;4d08314f-2224-4eff-a3bd-8d141d981fad;🇩🇲 Dominica;1;https://borderly.dev/country/dm.svg?fill=A98467&stroke=A98467;-61.4811523437,15.2272949219,-61.2510742187,15.6331054688;65514;Roseau;North America;English;Eastern Caribbean Dollar
8d6d86f4-d2d0-4882-aaa6-3346d55de85f;4d08314f-2224-4eff-a3bd-8d141d981fad;🇩🇴 Dominican Republic;2;https://borderly.dev/country/do.svg?fill=00FF00&stroke=00FF00;-72.000390625,17.6355957031,-68.3391601562,19.9139648437;11532151;Santo Domingo;North America;Spanish;Dominican Peso
5e1f970b-672a-47c4-8e1f-6bd1d8191b6f;4d08314f-2224-4eff-a3bd-8d141d981fad;🇪🇨 Ecuador;2;https://borderly.dev/country/ec.svg?fill=00FF00&stroke=00FF00;-91.6541503906,-4.990625,-75.249609375,1.45537109375;18103660;Quito;South America;Spanish;United States Dollar
5a180af1-c673-4897-a0f8-b9ede6004173;4d08314f-2224-4eff-a3bd-8d141d981fad;🇪🇬 Egypt;4;https://borderly.dev/country/eg.svg?fill=800080&stroke=800080;24.7032226563,21.9948730469,36.8713867188,31.6549804687;108613296;Cairo;Africa;Arabic;Egyptian Pound
15df4940-24fe-47ff-b575-e2915eecc8e1;4d08314f-2224-4eff-a3bd-8d141d981fad;🇸🇻 El Salvador;2;https://borderly.dev/country/sv.svg?fill=00FF00&stroke=00FF00;-90.1059082031,13.1640136719,-87.7153320312,14.4311035156;6029976;San Salvador;North America;Spanish;United States Dollar
8bdfb7b2-2fc8-40b7-94ca-ce78b6166f71;4d08314f-2224-4eff-a3bd-8d141d981fad;🇬🇶 Equatorial Guinea;1;https://borderly.dev/country/gq.svg?fill=A98467&stroke=A98467;8.43427734375,0.960107421875,11.3353515625,3.75830078125;1795834;Malabo;Africa;French,Portuguese,Spanish;Central African CFA Franc
b14462f5-d06d-4bec-b92d-0e41bd8eefe5;4d08314f-2224-4eff-a3bd-8d141d981fad;🇪🇷 Eritrea;1;https://borderly.dev/country/er.svg?fill=A98467&stroke=A98467;36.4267578125,12.3765625,43.1166992187,18.005078125;3607000;Asmara;Africa;Arabic,English,Tigrinya;Eritrean Nakfa
36e19779-fdf9-4cc0-8263-d352f97dece9;4d08314f-2224-4eff-a3bd-8d141d981fad;🇪🇪 Estonia;1;https://borderly.dev/country/ee.svg?fill=A98467&stroke=A98467;21.8544921875,57.5254882812,28.1510742188,59.6390136719;1360745;Tallinn;Europe;Estonian;Euro
2885ccbe-f5d5-49a9-a1d5-2a0e114cfd01;4d08314f-2224-4eff-a3bd-8d141d981fad;🇸🇿 Eswatini;1;https://borderly.dev/country/sz.svg?fill=A98467&stroke=A98467;30.7875,-27.3099609375,32.112890625,-25.74296875;1235549;Mbabane,Lobamba;Africa;English,Swazi;Swazi Lilangeni,South African Rand
7d99113c-da67-4402-93de-fafcc49bd75a;4d08314f-2224-4eff-a3bd-8d141d981fad;🇪🇹 Ethiopia;4;https://borderly.dev/country/et.svg?fill=800080&stroke=800080;32.9989257813,3.45610351562,47.9782226563,14.8522949219;111652998;Addis Ababa;Africa;Amharic;Ethiopian Birr
e86513c2-5ec6-405a-8aec-cdd37ff3fc9f;4d08314f-2224-4eff-a3bd-8d141d981fad;🇫🇯 Fiji;1;https://borderly.dev/country/fj.svg?fill=A98467&stroke=A98467;174.587207,-21.705859,181.748877,-12.476953;902623;Suva;Oceania;English,Fijian,Fiji Hindi;Fijian Dollar
d6ddcccf-bf79-4a13-a299-2ca79b3e913d;4d08314f-2224-4eff-a3bd-8d141d981fad;🇫🇮 Finland;2;https://borderly.dev/country/fi.svg?fill=00FF00&stroke=00FF00;20.6221679688,59.816015625,31.5365234375,70.06484375;5651171;Helsinki;Europe;Finnish,Swedish;Euro
6040142d-8b3c-4b58-9e27-14ae93a6f278;4d08314f-2224-4eff-a3bd-8d141d981fad;🇫🇷 France;3;https://borderly.dev/country/fr.svg?fill=0000FF&stroke=0000FF;-4.7625,41.3849121094,9.5564453125,51.0971191406;69081996;Paris;Europe;French;Euro
c5bcefc4-62ad-4c8f-9665-4f57727c9efc;4d08314f-2224-4eff-a3bd-8d141d981fad;🇬🇦 Gabon;1;https://borderly.dev/country/ga.svg?fill=A98467&stroke=A98467;8.703125,-3.91630859375,14.4805664063,2.30219726562;2469296;Libreville;Africa;French;Central African CFA Franc
1812d54f-632d-41b8-b8be-f125797ab6be;4d08314f-2224-4eff-a3bd-8d141d981fad;🇬🇲 Gambia;1;https://borderly.dev/country/gm.svg?fill=A98467&stroke=A98467;-16.8248046875,13.0641601562,-13.8267089844,13.812109375;2422712;Banjul;Africa;English;Dalasi
b801595f-02c0-4a71-a7e1-12f1143defda;4d08314f-2224-4eff-a3bd-8d141d981fad;🇬🇪 Georgia;1;https://borderly.dev/country/ge.svg?fill=A98467&stroke=A98467;39.9783203125,41.0702148437,46.6725585938,43.5697753906;3657000;Tbilisi;Asia;Georgian;Lari
e7eddd7c-c125-4e2f-b75e-5f4b8e92b347;4d08314f-2224-4eff-a3bd-8d141d981fad;🇩🇪 Germany;4;https://borderly.dev/country/de.svg?fill=800080&stroke=800080;5.85751953125,47.2788085938,15.0166015625,55.0587402344;83467117;Berlin;Europe;German;Euro
2de38606-7da0-45b1-a3fd-530ada9c0e1d;4d08314f-2224-4eff-a3bd-8d141d981fad;🇬🇭 Ghana;3;https://borderly.dev/country/gh.svg?fill=0000FF&stroke=0000FF;-3.24389648438,4.76245117188,1.18720703125,11.1668945312;33742380;Accra;Africa;English;Ghanaian Cedi
bf8dcf4c-8497-47e2-87f9-ea459367bbc9;4d08314f-2224-4eff-a3bd-8d141d981fad;🇬🇷 Greece;2;https://borderly.dev/country/gr.svg?fill=00FF00&stroke=00FF00;19.646484375,34.9344726563,28.2318359375,41.7437988281;10372335;Athens;Europe;Greek;Euro
7b9c65c4-62bb-49ac-aa33-95b096060c6a;4d08314f-2224-4eff-a3bd-8d141d981fad;🇬🇩 Grenada;1;https://borderly.dev/country/gd.svg?fill=A98467&stroke=A98467;-61.7821777344,12.0084472656,-61.60703125,12.2370117187;109021;St. George's;North America;English;Eastern Caribbean Dollar
307e0d02-bf5f-4155-9aa9-0a64509ab7b6;4d08314f-2224-4eff-a3bd-8d141d981fad;🇬🇹 Guatemala;2;https://borderly.dev/country/gt.svg?fill=00FF00&stroke=00FF00;-92.23515625,13.7365234375,-88.2283203125,17.81640625;18406359;Guatemala City;North America;Spanish;Guatemalan Quetzal
9481528d-4c50-490c-ada8-3a5ed14af7d6;4d08314f-2224-4eff-a3bd-8d141d981fad;🇬🇳 Guinea;2;https://borderly.dev/country/gn.svg?fill=00FF00&stroke=00FF00;-15.0512207031,7.21591796875,-7.68120117187,12.6739257812;17521167;Conakry;Africa;French;Guinean Franc
f07a4119-eeab-4da3-a974-f80ff4ebb486;4d08314f-2224-4eff-a3bd-8d141d981fad;🇬🇼 Guinea-Bissau;1;https://borderly.dev/country/gw.svg?fill=A98467&stroke=A98467;-16.7118164062,10.9401367188,-13.6735351562,12.6799316406;1852784;Bissau;Africa;Portuguese,Upper Guinea Crioulo;West African CFA Franc
c36ae799-df76-4164-b17e-a885ce469b6d;4d08314f-2224-4eff-a3bd-8d141d981fad;🇬🇾 Guyana;1;https://borderly.dev/country/gy.svg?fill=A98467&stroke=A98467;-61.3908203125,1.20122070312,-56.4828125,8.54931640625;956044;Georgetown;South America;English;Guyanese Dollar
5a01424d-e3d6-4324-8e33-412d89081e0b;4d08314f-2224-4eff-a3bd-8d141d981fad;🇭🇹 Haiti;2;https://borderly.dev/country/ht.svg?fill=00FF00&stroke=00FF00;-74.478125,18.0391601563,-71.6453125,20.0936523438;11867032;Port-au-Prince;North America;French,Haitian Creole;Haitian Gourde
73c5e0d2-c6ac-4b39-9323-87a0846ea3e1;4d08314f-2224-4eff-a3bd-8d141d981fad;🇭🇳 Honduras;2;https://borderly.dev/country/hn.svg?fill=00FF00&stroke=00FF00;-89.3625976562,12.9792480469,-83.1575195312,16.5139648438;10186738;Tegucigalpa;North America;Spanish;Honduran Lempira
9ce0b92b-92b5-45bd-9a6d-d8fd9f2fd960;4d08314f-2224-4eff-a3bd-8d141d981fad;🇭🇺 Hungary;2;https://borderly.dev/country/hu.svg?fill=00FF00&stroke=00FF00;16.0930664063,45.7530273437,22.8766601563,48.5534667969;9489000;Budapest;Europe;Hungarian;Hungarian Forint
28bcad94-87a7-42fc-9c9c-34f313fc036d;4d08314f-2224-4eff-a3bd-8d141d981fad;🇮🇸 Iceland;1;https://borderly.dev/country/is.svg?fill=A98467&stroke=A98467;-24.4756835937,63.4066894531,-13.5561035156,66.5260742187;395050;Reykjavik;Europe;Icelandic;Icelandic Króna
ee5f6a4a-1681-43b9-a025-54d837059e87;4d08314f-2224-4eff-a3bd-8d141d981fad;🇮🇳 India;5;https://borderly.dev/country/in.svg?fill=FF8000&stroke=FF8000;68.1650390625,6.74868164062,97.3435546875,35.4958984375;1429404000;New Delhi;Asia;English,Hindi,Tamil;Indian Rupee
063c942e-4631-44d5-97e5-0c3583b09708;4d08314f-2224-4eff-a3bd-8d141d981fad;🇮🇩 Indonesia;5;https://borderly.dev/country/id.svg?fill=FF8000&stroke=FF8000;95.206640625,-10.9096679688,140.976171875,5.90703125;288315089;Jakarta;Asia;Indonesian;Indonesian Rupiah
de31e08c-0fbd-4ea7-a10b-6d7dc513151e;4d08314f-2224-4eff-a3bd-8d141d981fad;🇮🇷 Iran;4;https://borderly.dev/country/ir.svg?fill=800080&stroke=800080;44.0232421875,25.1020996094,63.3051757812,39.7685546875;87134000;Tehran;Asia;Persian;Iranian Rial
e2e7936e-58fc-4c5b-825f-e2e715146dec;4d08314f-2224-4eff-a3bd-8d141d981fad;🇮🇶 Iraq;3;https://borderly.dev/country/iq.svg?fill=0000FF&stroke=0000FF;38.7735351563,29.063671875,48.546484375,37.371875;46118793;Baghdad;Asia;Arabic,Aramaic,Central Kurdish;Iraqi Dinar
8221f32c-894f-46e3-98bf-b80f5fb6da5a;4d08314f-2224-4eff-a3bd-8d141d981fad;🇮🇪 Ireland;2;https://borderly.dev/country/ie.svg?fill=00FF00&stroke=00FF00;-10.390234375,51.4737304688,-6.02739257812,55.3658203125;5458600;Dublin;Europe;English,Irish;Euro
017c595b-dc5d-4aad-85b2-42ff558f8576;4d08314f-2224-4eff-a3bd-8d141d981fad;🇮🇱 Israel;2;https://borderly.dev/country/il.svg?fill=00FF00&stroke=00FF00;34.2453125,29.47734375,35.9134765625,33.4317382812;10252800;Jerusalem;Asia;Arabic,Hebrew;Israeli New Shekel
5d57a3a3-eea6-4ad9-bcea-e6a1874811f8;4d08314f-2224-4eff-a3bd-8d141d981fad;🇮🇹 Italy;3;https://borderly.dev/country/it.svg?fill=0000FF&stroke=0000FF;6.627734375,35.487,18.4858398438,47.0821289063;58936123;Rome;Europe;Italian,Catalan;Euro
a0e2c6e0-0958-42c8-941d-71107a65d518;4d08314f-2224-4eff-a3bd-8d141d981fad;🇨🇮 Ivory Coast;3;https://borderly.dev/country/ci.svg?fill=0000FF&stroke=0000FF;-8.60356445312,4.35131835938,-2.505859375,10.7240722656;31500000;Yamoussoukro;Africa;French;West African CFA Franc
2d409e6b-2a09-4e7a-bb94-c339a3dc68c1;4d08314f-2224-4eff-a3bd-8d141d981fad;🇯🇲 Jamaica;1;https://borderly.dev/country/jm.svg?fill=A98467&stroke=A98467;-78.3395019531,17.7149414062,-76.2107910156,18.5222167969;2774538;Kingston;North America;English,Jamaican Patois;Jamaican Dollar
e898ef54-e57a-46d0-b49b-4e22fce36a7c;4d08314f-2224-4eff-a3bd-8d141d981fad;🇯🇵 Japan;4;https://borderly.dev/country/jp.svg?fill=800080&stroke=800080;123.679785156,24.2660644531,145.833007812,45.5095214844;122850000;Tokyo;Asia;Japanese;Japanese Yen
7ff82ec1-7fe9-4092-b76b-45fc607dbf2a;4d08314f-2224-4eff-a3bd-8d141d981fad;🇯🇴 Jordan;2;https://borderly.dev/country/jo.svg?fill=00FF00&stroke=00FF00;34.95078125,29.1904785156,39.2927734375,33.3722167969;11937000;Amman;Asia;Arabic;Jordanian Dinar
18daaaee-931b-40cd-a1da-7e259e3de5a6;4d08314f-2224-4eff-a3bd-8d141d981fad;🇰🇿 Kazakhstan;2;https://borderly.dev/country/kz.svg?fill=00FF00&stroke=00FF00;46.6091796875,40.6086425781,87.3228515625,55.3895996094;20575979;Astana;Asia;Kazakh,Russian;Kazakhstani Tenge
2546d5b1-bd9d-4e3f-819d-a09580703ac2;4d08314f-2224-4eff-a3bd-8d141d981fad;🇰🇪 Kenya;3;https://borderly.dev/country/ke.svg?fill=0000FF&stroke=0000FF;33.9,-4.6923828125,41.883984375,5.49228515625;53330978;Nairobi;Africa;English,Swahili;Kenyan Shilling
eed2efaa-64c6-47d3-acd3-ca9f1a8b8560;4d08314f-2224-4eff-a3bd-8d141d981fad;🇰🇮 Kiribati;1;https://borderly.dev/country/ki.svg?fill=A98467&stroke=A98467;169.522949,-11.456836,208.217383,3.923535;120740;South Tarawa;Oceania;English,Gilbertese;Australian Dollar,Kiribati Dollar
5aa21df7-e6ee-4451-9c09-8aca9ae63780;4d08314f-2224-4eff-a3bd-8d141d981fad;🇰🇼 Kuwait;1;https://borderly.dev/country/kw.svg?fill=A98467&stroke=A98467;46.5314453125,28.5331542969,48.4424804688,30.0973144531;4881254;Kuwait City;Asia;Arabic;Kuwaiti Dinar
6c7f4879-26a7-422e-84bc-8a8cee8b8d7e;4d08314f-2224-4eff-a3bd-8d141d981fad;🇰🇬 Kyrgyzstan;2;https://borderly.dev/country/kg.svg?fill=00FF00&stroke=00FF00;69.2291015625,39.2075195312,80.2461914063,43.2403808594;7404300;Bishkek;Asia;Kyrgyz,Russian;Kyrgyzstani Som
16faf8e0-9e67-4f5d-baac-822b3b83d4ce;4d08314f-2224-4eff-a3bd-8d141d981fad;🇱🇦 Laos;2;https://borderly.dev/country/la.svg?fill=00FF00&stroke=00FF00;100.114941406,13.9211914063,107.653125,22.4952636719;7745000;Vientiane;Asia;Lao;Lao Kip
c6f78520-857d-47e5-9a57-416ed6dbd6b2;4d08314f-2224-4eff-a3bd-8d141d981fad;🇱🇻 Latvia;1;https://borderly.dev/country/lv.svg?fill=A98467&stroke=A98467;21.0149414063,55.6675292969,28.2020507813,58.0634277344;1835200;Riga;Europe;Latvian;Euro
1462e500-2af8-4293-9577-05f304b9edd7;4d08314f-2224-4eff-a3bd-8d141d981fad;🇱🇧 Lebanon;2;https://borderly.dev/country/lb.svg?fill=00FF00&stroke=00FF00;35.10859375,33.0756835938,36.5849609375,34.6787109375;5895466;Beirut;Asia;Arabic,French;Lebanese Pound
56f3d176-c9d5-465e-8515-b850e9a9f3cb;4d08314f-2224-4eff-a3bd-8d141d981fad;🇱🇸 Lesotho;1;https://borderly.dev/country/ls.svg?fill=A98467&stroke=A98467;27.0517578125,-30.6422851563,29.3907226563,-28.5817382813;2116427;Maseru;Africa;English,Sotho;Lesotho Loti,South African Rand
61b1fbc5-10bd-41d9-b71d-8fd3e73e8e16;4d08314f-2224-4eff-a3bd-8d141d981fad;🇱🇷 Liberia;2;https://borderly.dev/country/lr.svg?fill=00FF00&stroke=00FF00;-11.5075195312,4.35131835938,-7.39990234375,8.5376953125;5248621;Monrovia;Africa;English;Liberian Dollar
cf09d74c-ab41-4833-8dc7-1ced3a096fcb;4d08314f-2224-4eff-a3bd-8d141d981fad;🇱🇾 Libya;2;https://borderly.dev/country/ly.svg?fill=00FF00&stroke=00FF00;9.31025390625,19.4966308594,25.1504882813,33.1819335937;7459000;Tripoli;Africa;Arabic;Libyan Dinar
8838ca0d-28a3-4354-a77f-965ca82ef44b;4d08314f-2224-4eff-a3bd-8d141d981fad;🇱🇮 Liechtenstein;1;https://borderly.dev/country/li.svg?fill=A98467&stroke=A98467;9.4794921875,47.0573730469,9.610546875,47.2707519531;41237;Vaduz;Europe;German;Swiss Franc
b1db70f4-b12e-41fe-b874-0840d7a66898;4d08314f-2224-4eff-a3bd-8d141d981fad;🇱🇹 Lithuania;1;https://borderly.dev/country/lt.svg?fill=A98467&stroke=A98467;20.8998046875,53.89296875,26.7756835938,56.4111816406;2886179;Vilnius;Europe;Lithuanian;Euro
158190ec-f627-40ef-be0d-17b034a97ee6;4d08314f-2224-4eff-a3bd-8d141d981fad;🇱🇺 Luxembourg;1;https://borderly.dev/country/lu.svg?fill=A98467&stroke=A98467;5.725,49.4454589844,6.49375,50.1671875;690959;Luxembourg;Europe;German,French,Luxembourgish;Euro
c7a90509-6c4f-4dfd-b196-3ee255b3b001;4d08314f-2224-4eff-a3bd-8d141d981fad;🇲🇬 Madagascar;3;https://borderly.dev/country/mg.svg?fill=0000FF&stroke=0000FF;43.2571289063,-25.5705078125,50.4827148438,-12.0795898437;31727042;Antananarivo;Africa;French,Malagasy;Malagasy Ariary
0953396c-2c4c-45ff-8e17-7d0fdce0dbf8;4d08314f-2224-4eff-a3bd-8d141d981fad;🇲🇼 Malawi;2;https://borderly.dev/country/mw.svg?fill=00FF00&stroke=00FF00;32.6704101562,-17.1310546875,35.8927734375,-9.39501953125;20734262;Lilongwe;Africa;English,Chichewa;Malawian Kwacha
00f676e1-b46b-4054-a111-f50e50993571;4d08314f-2224-4eff-a3bd-8d141d981fad;🇲🇾 Malaysia;3;https://borderly.dev/country/my.svg?fill=0000FF&stroke=0000FF;99.6462890625,0.861962890625,119.266308594,7.35166015625;34374300;Kuala Lumpur;Asia;English,Malay;Malaysian Ringgit
743accf9-37fb-418b-b445-71cd288ddf66;4d08314f-2224-4eff-a3bd-8d141d981fad;🇲🇻 Maldives;1;https://borderly.dev/country/mv.svg?fill=A98467&stroke=A98467;73.38203125,3.22939453125,73.5283203125,4.24765625;515132;Malé;Asia;Divehi;Maldivian Rufiyaa
7bfe18e3-34a7-4ebc-922e-b4f9640f94db;4d08314f-2224-4eff-a3bd-8d141d981fad;🇲🇱 Mali;2;https://borderly.dev/country/ml.svg?fill=00FF00&stroke=00FF00;-12.2806152344,10.1432617187,4.23466796875,24.9956054688;22395489;Bamako;Africa;French;West African CFA Franc
6facaa72-2076-4621-8e62-0485db6ea055;4d08314f-2224-4eff-a3bd-8d141d981fad;🇲🇹 Malta;1;https://borderly.dev/country/mt.svg?fill=A98467&stroke=A98467;14.1803710938,35.8202148437,14.5662109375,36.07578125;574250;Valletta;Europe;English,Maltese;Euro
63523302-4eb2-4f0a-9ea4-a9d3cf515d58;4d08314f-2224-4eff-a3bd-8d141d981fad;🇲🇭 Marshall Islands;1;https://borderly.dev/country/mh.svg?fill=A98467&stroke=A98467;166.844726563,5.7998046875,171.756835937,11.1686523438;37548;Majuro;Oceania;English,Marshallese;United States Dollar
df64cc6a-37eb-44af-a445-4db4f05c1857;4d08314f-2224-4eff-a3bd-8d141d981fad;🇲🇷 Mauritania;1;https://borderly.dev/country/mr.svg?fill=A98467&stroke=A98467;-17.0639648438,14.7453613281,-4.82260742187,27.2859375;4927532;Nouakchott;Africa;Arabic;Mauritanian Ouguiya
e9b8cbee-c9b2-4ecc-9a07-1a7fc051af9f;4d08314f-2224-4eff-a3bd-8d141d981fad;🇲🇺 Mauritius;1;https://borderly.dev/country/mu.svg?fill=A98467&stroke=A98467;57.3176757813,-20.5131835938,57.7919921875,-19.9899414063;1241856;Port Louis;Africa;English,French,Mauritian Creole;Mauritian Rupee
db59ba13-6158-4926-89fe-8c16e2c8037a;4d08314f-2224-4eff-a3bd-8d141d981fad;🇲🇽 Mexico;4;https://borderly.dev/country/mx.svg?fill=800080&stroke=800080;-118.401367187,14.5454101562,-86.6962890625,32.7153320313;131150866;Mexico City;North America;Spanish;Mexican Peso
3d03bd0a-c4bc-45de-96fe-5bb06694c84e;4d08314f-2224-4eff-a3bd-8d141d981fad;🇫🇲 Micronesia;1;https://borderly.dev/country/fm.svg?fill=A98467&stroke=A98467;138.061914063,5.27724609375,162.993457031,9.59331054687;75817;Palikir;Oceania;English;United States Dollar
89a926fa-1896-4355-91d3-f1a468fdea94;4d08314f-2224-4eff-a3bd-8d141d981fad;🇲🇩 Moldova;1;https://borderly.dev/country/md.svg?fill=A98467&stroke=A98467;26.6189453125,45.4504394531,30.1310546875,48.477734375;2365600;Chișinău;Europe;Romanian;Moldovan Leu
68307e09-9662-4700-80dc-3d9155dc4822;4d08314f-2224-4eff-a3bd-8d141d981fad;🇲🇨 Monaco;1;https://borderly.dev/country/mc.svg?fill=A98467&stroke=A98467;7.377734375,43.7317382812,7.438671875,43.7708984375;38857;Monaco;Europe;French;Euro
75da0243-5fb8-4e97-b53a-cf13192bbd39;4d08314f-2224-4eff-a3bd-8d141d981fad;🇲🇳 Mongolia;1;https://borderly.dev/country/mn.svg?fill=A98467&stroke=A98467;87.7431640625,41.5955078125,119.897851563,52.1172851562;3591120;Ulan Bator;Asia;Mongolian;Mongolian Tögrög
3794ea18-c570-4ce6-a299-dd0d97ab1973;4d08314f-2224-4eff-a3bd-8d141d981fad;🇲🇪 Montenegro;1;https://borderly.dev/country/me.svg?fill=A98467&stroke=A98467;18.436328125,41.8690917969,20.34765625,43.5423339844;622902;Podgorica;Europe;Montenegrin;Euro
19f5f602-6552-4672-9535-d8d594d89a06;4d08314f-2224-4eff-a3bd-8d141d981fad;🇲🇦 Morocco;3;https://borderly.dev/country/ma.svg?fill=0000FF&stroke=0000FF;-17.0030761719,21.420703125,-1.06552734375,35.9298828125;36828330;Rabat;Africa;Arabic,Standard Moroccan Tamazight;Moroccan Dirham
d06f4330-cdfd-4d40-a209-7aeedcc14f28;4d08314f-2224-4eff-a3bd-8d141d981fad;🇲🇿 Mozambique;3;https://borderly.dev/country/mz.svg?fill=0000FF&stroke=0000FF;30.2217773438,-26.8616210938,40.84453125,-10.4643554688;34090466;Maputo;Africa;Portuguese;Mozambican Metical
29f4fae8-3545-4a8b-8f25-f85655101fed;4d08314f-2224-4eff-a3bd-8d141d981fad;🇲🇲 Myanmar;3;https://borderly.dev/country/mm.svg?fill=0000FF&stroke=0000FF;92.1795898438,9.875390625,101.147265625,28.5170410156;51375327;Naypyidaw;Asia;Burmese;Burmese Kyat
61791075-7bd1-4a4c-a1be-acf3068f9d5b;4d08314f-2224-4eff-a3bd-8d141d981fad;🇳🇦 Namibia;1;https://borderly.dev/country/na.svg?fill=A98467&stroke=A98467;11.7216796875,-28.9387695313,25.2587890625,-16.9676757813;3022401;Windhoek;Africa;Afrikaans,German,English,Herero,Hai‖om,Kwangali,Lozi,Ndonga,Tswana;Namibian Dollar,South African Rand
d44c2f49-a52f-454e-a0e8-23313368f3bb;4d08314f-2224-4eff-a3bd-8d141d981fad;🇳🇷 Nauru;1;https://borderly.dev/country/nr.svg?fill=A98467&stroke=A98467;166.90703125,-0.55078125,166.958398438,-0.48935546875;11680;Yaren;Oceania;English,Nauruan;Australian Dollar
80c36af9-1c0d-4028-bc8e-94fda19a0c53;4d08314f-2224-4eff-a3bd-8d141d981fad;🇳🇵 Nepal;3;https://borderly.dev/country/np.svg?fill=0000FF&stroke=0000FF;80.0516601563,26.3603027344,88.1615234375,30.3875;29911840;Kathmandu;Asia;Nepali;Nepalese Rupee
2ea89d8a-899e-47cb-8c8a-9f5b644c5998;4d08314f-2224-4eff-a3bd-8d141d981fad;🇳🇱 Netherlands;2;https://borderly.dev/country/nl.svg?fill=00FF00&stroke=00FF00;3.133,50.75,7.217,53.683;18151406;Amsterdam;Europe;Dutch;Euro
3d243789-2716-408e-a09b-5b595532b2b2;4d08314f-2224-4eff-a3bd-8d141d981fad;🇳🇿 New Zealand;1;https://borderly.dev/country/nz.svg?fill=A98467&stroke=A98467;165.889160,-52.570313,183.877441,-34.429102;4993923;Wellington;Oceania;English,Maori,New Zealand Sign Language;New Zealand Dollar
ae868ee0-c123-4d41-85e8-c3547b20c02c;4d08314f-2224-4eff-a3bd-8d141d981fad;🇳🇮 Nicaragua;2;https://borderly.dev/country/ni.svg?fill=00FF00&stroke=00FF00;-87.6701660156,10.7353515625,-83.1575195312,15.0080566406;6874748;Managua;North America;Spanish;Nicaraguan Córdoba
69be96bd-b8bb-4881-b0d1-53a97c6b4cda;4d08314f-2224-4eff-a3bd-8d141d981fad;🇳🇪 Niger;3;https://borderly.dev/country/ne.svg?fill=0000FF&stroke=0000FF;0.1638671875,11.6962890625,15.9631835938,23.5178710938;27522750;Niamey;Africa;French;West African CFA Franc
8adc94b1-ab5a-474d-85f2-c8500583df0b;4d08314f-2224-4eff-a3bd-8d141d981fad;🇳🇬 Nigeria;4;https://borderly.dev/country/ng.svg?fill=800080&stroke=800080;2.68603515625,4.27739257813,14.6271484375,13.8728515625;223800000;Abuja;Africa;English;Nigerian Naira
f4fb041c-a5e6-4329-b77f-bf93481d40f4;4d08314f-2224-4eff-a3bd-8d141d981fad;🇰🇵 North Korea;3;https://borderly.dev/country/kp.svg?fill=0000FF&stroke=0000FF;124.348632812,37.7190429687,130.687304688,42.9981445313;25950000;Pyongyang;Asia;Korean;North Korean Won
fb7b46c6-fd6e-49de-8515-d8098f37527c;4d08314f-2224-4eff-a3bd-8d141d981fad;🇲🇰 North Macedonia;1;https://borderly.dev/country/mk.svg?fill=A98467&stroke=A98467;20.4486328125,40.8499023437,23.0056640625,42.3581542969;1836713;Skopje;Europe;Macedonian;Denar
fc13d5fe-3944-4d0c-badf-abb73eef69c6;4d08314f-2224-4eff-a3bd-8d141d981fad;🇳🇴 Norway;2;https://borderly.dev/country/no.svg?fill=00FF00&stroke=00FF00;-9.09887695312,58.0209472656,30.9606445313,71.1776855469;5633770;Oslo;Europe;Norwegian Nynorsk,Norwegian Bokmål,Northern Sami,Lule Sami,Southern Sami;Norwegian Krone
4c9f8cd6-d467-49b6-8997-9e1863bf2766;4d08314f-2224-4eff-a3bd-8d141d981fad;🇴🇲 Oman;2;https://borderly.dev/country/om.svg?fill=00FF00&stroke=00FF00;51.9776367188,16.6483886719,59.8375,26.3563476563;5291146;Muscat;Asia;Arabic;Omani Rial
7e227794-f768-4889-a22f-919eacc5b958;4d08314f-2224-4eff-a3bd-8d141d981fad;🇵🇰 Pakistan;4;https://borderly.dev/country/pk.svg?fill=800080&stroke=800080;60.843359375,23.7533691406,77.0486328125,37.0366699219;241499431;Islamabad;Asia;English,Urdu;Pakistani Rupee
711a52f9-4f79-4c92-8e25-c25cbc200696;4d08314f-2224-4eff-a3bd-8d141d981fad;🇵🇼 Palau;1;https://borderly.dev/country/pw.svg?fill=A98467&stroke=A98467;131.134960938,3.021875,134.659570313,7.712109375;16733;Ngerulmud;Oceania;English,Palauan;United States Dollar
7a3cf0b8-bd09-4d05-9708-7c26621495ee;4d08314f-2224-4eff-a3bd-8d141d981fad;🇵🇦 Panama;1;https://borderly.dev/country/pa.svg?fill=A98467&stroke=A98467;-83.02734375,7.22006835938,-77.1959960937,9.5978515625;4064780;Panama City;North America;Spanish;Panamanian Balboa,United States Dollar
d3dfb57a-422f-4d64-a143-9a990aa02540;4d08314f-2224-4eff-a3bd-8d141d981fad;🇵🇬 Papua New Guinea;2;https://borderly.dev/country/pg.svg?fill=00FF00&stroke=00FF00;140.862304687,-11.6305664062,155.957617188,-1.35322265625;11781559;Port Moresby;Oceania;English,Hiri Motu,Tok Pisin;Papua New Guinean Kina
9bdb443c-3f19-45f5-83b6-a6d0f6b077a6;4d08314f-2224-4eff-a3bd-8d141d981fad;🇵🇾 Paraguay;2;https://borderly.dev/country/py.svg?fill=00FF00&stroke=00FF00;-62.6509765625,-27.5538085938,-54.241796875,-19.2862304688;6109644;Asunción;South America;Guarani,Spanish;Paraguayan Guaraní
11777c2e-8f76-468c-aa6f-94ea600f3875;4d08314f-2224-4eff-a3bd-8d141d981fad;🇵🇪 Peru;3;https://borderly.dev/country/pe.svg?fill=0000FF&stroke=0000FF;-81.3366210937,-18.3456054688,-68.6852539062,-0.041748046875;34350244;Lima;South America;Aymara,Quechua,Spanish;Peruvian Sol
0d0afc15-31c9-4cee-a92c-32f2ea1be906;4d08314f-2224-4eff-a3bd-8d141d981fad;🇵🇭 Philippines;4;https://borderly.dev/country/ph.svg?fill=800080&stroke=800080;116.96953125,5.06020507812,126.593359375,20.8412597656;114123600;Manila;Asia;English,Filipino;Philippine Peso
71d7c4b9-0be2-4f9f-b257-d1b6ba9da65d;4d08314f-2224-4eff-a3bd-8d141d981fad;🇵🇱 Poland;3;https://borderly.dev/country/pl.svg?fill=0000FF&stroke=0000FF;14.1286132813,49.0207519531,24.1057617188,54.8381835937;37281000;Warsaw;Europe;Polish;Polish Złoty
f3556705-8a0b-4ee4-8411-def43a7d3f58;4d08314f-2224-4eff-a3bd-8d141d981fad;🇵🇹 Portugal;2;https://borderly.dev/country/pt.svg?fill=00FF00&stroke=00FF00;-31.2829589844,32.4,-6.2125,42.1374023437;11424031;Lisbon;Europe;Portuguese;Euro
657003c1-095f-41d7-9bf6-4fa1868dc1b0;4d08314f-2224-4eff-a3bd-8d141d981fad;🇶🇦 Qatar;1;https://borderly.dev/country/qa.svg?fill=A98467&stroke=A98467;50.7545898438,24.5646484375,51.6088867188,26.1532714844;3370611;Doha;Asia;Arabic;Qatari Riyal
6c4068cc-b47f-4270-a0c7-ea102ae3b218;4d08314f-2224-4eff-a3bd-8d141d981fad;🇷🇴 Romania;2;https://borderly.dev/country/ro.svg?fill=00FF00&stroke=00FF00;20.241796875,43.6708007812,29.705859375,48.2634765625;19036031;Bucharest;Europe;Romanian;Romanian Leu
5f6bf7c7-0896-4ab6-9ef2-51ad95c11bf3;4d08314f-2224-4eff-a3bd-8d141d981fad;🇷🇺 Russia;4;https://borderly.dev/country/ru.svg?fill=800080&stroke=800080;19.604395,41.199268,190.270850,81.854199;146028325;Moscow;Europe,Asia;Russian;Russian Ruble
e9f6359b-ce63-49fe-849b-0ffc144da26e;4d08314f-2224-4eff-a3bd-8d141d981fad;🇷🇼 Rwanda;2;https://borderly.dev/country/rw.svg?fill=00FF00&stroke=00FF00;28.8576171875,-2.80859375,30.8765625,-1.0630859375;14418145;Kigali;Africa;English,French,Kinyarwanda;Rwandan Franc
bcad87a4-e0a8-4caa-bfee-98846fed1ae6;4d08314f-2224-4eff-a3bd-8d141d981fad;🇰🇳 Saint Kitts and Nevis;1;https://borderly.dev/country/kn.svg?fill=A98467&stroke=A98467;-62.8404785156,17.1005859375,-62.5322265625,17.4025878906;54338;Basseterre;North America;English;Eastern Caribbean Dollar
8e4596f5-869a-4f45-ab2a-fc7519bbe9e0;4d08314f-2224-4eff-a3bd-8d141d981fad;🇱🇨 Saint Lucia;1;https://borderly.dev/country/lc.svg?fill=A98467&stroke=A98467;-61.0731445312,13.717578125,-60.8867675781,14.093359375;184100;Castries;North America;English;Eastern Caribbean Dollar
24afb86a-4f67-4f41-a4e5-8c6e20a3dfb3;4d08314f-2224-4eff-a3bd-8d141d981fad;🇻🇨 Saint Vincent and the Grenadines;1;https://borderly.dev/country/vc.svg?fill=A98467&stroke=A98467;-61.353515625,12.6947265625,-61.1240234375,13.3587402344;110872;Kingstown;North America;English;Eastern Caribbean Dollar
7c0ab596-9c1b-442f-b27a-f06ad8b206d4;4d08314f-2224-4eff-a3bd-8d141d981fad;🇼🇸 Samoa;1;https://borderly.dev/country/ws.svg?fill=A98467&stroke=A98467;-172.778515625,-14.047265625,-171.449560547,-13.465234375;205557;Apia;Oceania;English,Samoan;Samoan Tālā
142cd709-25d9-4e3a-9d21-5a10736a0df1;4d08314f-2224-4eff-a3bd-8d141d981fad;🇸🇲 San Marino;1;https://borderly.dev/country/sm.svg?fill=A98467&stroke=A98467;12.396875,43.8940917969,12.5146484375,43.9897460938;34172;City Of San Marino;Europe;Italian;Euro
81af32aa-71c0-41a3-bb5e-109ba8a1b142;4d08314f-2224-4eff-a3bd-8d141d981fad;🇸🇦 Saudi Arabia;3;https://borderly.dev/country/sa.svg?fill=0000FF&stroke=0000FF;34.6162109375,16.3717773438,55.641015625,32.1245117188;33702731;Riyadh;Asia;Arabic;Saudi Riyal
bda2b7e0-c1c9-4db2-b68e-fdd31b92f90d;4d08314f-2224-4eff-a3bd-8d141d981fad;🇸🇳 Senegal;2;https://borderly.dev/country/sn.svg?fill=00FF00&stroke=00FF00;-17.5356445312,12.3280273437,-11.382421875,16.67890625;19075959;Dakar;Africa;French;West African CFA Franc
b0f87e7d-9c72-4117-b06e-b5c283f81c70;4d08314f-2224-4eff-a3bd-8d141d981fad;🇷🇸 Serbia;2;https://borderly.dev/country/rs.svg?fill=00FF00&stroke=00FF00;18.8390625,41.8538085937,22.9768554688,46.1691894531;6532019;Belgrade;Europe;Serbian;Serbian Dinar
382f3ddf-75d5-45a2-b084-110af3fa640f;4d08314f-2224-4eff-a3bd-8d141d981fad;🇸🇨 Seychelles;1;https://borderly.dev/country/sc.svg?fill=A98467&stroke=A98467;55.3833984375,-4.785546875,55.54296875,-4.5587890625;123097;Victoria;Africa;Seychellois Creole,English,French;Seychellois Rupee
98225074-42d3-4c0d-9390-08e7569e3073;4d08314f-2224-4eff-a3bd-8d141d981fad;🇸🇱 Sierra Leone;2;https://borderly.dev/country/sl.svg?fill=00FF00&stroke=00FF00;-13.2926757812,6.90654296875,-10.283203125,9.99653320312;8460512;Freetown;Africa;English;Leone
169e0b3d-d12e-4b30-a214-e47749fa51cf;4d08314f-2224-4eff-a3bd-8d141d981fad;🇸🇬 Singapore;2;https://borderly.dev/country/sg.svg?fill=00FF00&stroke=00FF00;103.650195312,1.26538085938,103.996386719,1.4470703125;6110200;Singapore;Asia;English,Chinese,Malay,Tamil;Singapore Dollar
34f60323-d415-4980-a0ea-9ad61b56c5c7;4d08314f-2224-4eff-a3bd-8d141d981fad;🇸🇰 Slovakia;2;https://borderly.dev/country/sk.svg?fill=00FF00&stroke=00FF00;16.8626953125,47.7634277344,22.538671875,49.5977050781;5405368;Bratislava;Europe;Slovak;Euro
9550dd65-eeca-45f6-9060-2c62194e17fc;4d08314f-2224-4eff-a3bd-8d141d981fad;🇸🇮 Slovenia;1;https://borderly.dev/country/si.svg?fill=A98467&stroke=A98467;13.3782226563,45.4283691406,16.5162109375,46.86328125;2135107;Ljubljana;Europe;Slovenian;Euro
d749c075-61aa-4d4e-8856-d1f1f747ad16;4d08314f-2224-4eff-a3bd-8d141d981fad;🇸🇧 Solomon Islands;1;https://borderly.dev/country/sb.svg?fill=A98467&stroke=A98467;155.677539063,-11.8322265625,166.929199219,-6.60888671875;828857;Honiara;Oceania;English;Solomon Islands Dollar
2b1276db-537a-4d1f-a409-0318ab5b256e;4d08314f-2224-4eff-a3bd-8d141d981fad;🇸🇴 Somalia;2;https://borderly.dev/country/so.svg?fill=00FF00&stroke=00FF00;40.964453125,-1.6953125,51.390234375,11.9836914062;19655000;Mogadishu;Africa;Arabic,Somali;Somali Shilling
d17c1867-e87d-4141-80ed-63ab27c51725;4d08314f-2224-4eff-a3bd-8d141d981fad;🇿🇦 South Africa;3;https://borderly.dev/country/za.svg?fill=0000FF&stroke=0000FF;16.4475585938,-46.962890625,37.8876953125,-22.1462890625;63015904;Pretoria,Cape Town,Bloemfontein;Africa;Afrikaans,English,Southern Ndebele,Northern Sotho,Sotho,Swazi,Tswana,Tsonga,Venda,Xhosa,Zulu;South African Rand
f06f8233-bd0d-4c13-93dd-5e5b7ea053d7;4d08314f-2224-4eff-a3bd-8d141d981fad;🇰🇷 South Korea;3;https://borderly.dev/country/kr.svg?fill=0000FF&stroke=0000FF;126.007519531,33.2015136719,130.934277344,38.6234375;51106229;Seoul;Asia;Korean;South Korean Won
c59947d6-d68a-435a-b449-95e43278286d;4d08314f-2224-4eff-a3bd-8d141d981fad;🇸🇸 South Sudan;2;https://borderly.dev/country/ss.svg?fill=00FF00&stroke=00FF00;24.1473632813,3.49072265625,35.268359375,12.2230957031;12703714;Juba;Africa;English;South Sudanese Pound
a2e2eccc-4ed3-4ca7-95fb-68e2a5c23a2a;4d08314f-2224-4eff-a3bd-8d141d981fad;🇪🇸 Spain;3;https://borderly.dev/country/es.svg?fill=0000FF&stroke=0000FF;-18.160546875,27.6463867188,4.3220703125,43.7645507812;49687120;Madrid;Europe;Spanish,Catalan,Basque,Galician,Aranese;Euro
d33cd1b5-29e6-49b2-a312-a3dd85d8f549;4d08314f-2224-4eff-a3bd-8d141d981fad;🇱🇰 Sri Lanka;2;https://borderly.dev/country/lk.svg?fill=00FF00&stroke=00FF00;79.7078125,5.94936523438,81.876953125,9.8126953125;21756000;Sri Jayawardenepura Kotte;Asia;Sinhala,Tamil;Sri Lankan Rupee
9b87f810-0260-4eaa-beec-3d11819da0c2;4d08314f-2224-4eff-a3bd-8d141d981fad;🇸🇩 Sudan;3;https://borderly.dev/country/sd.svg?fill=0000FF&stroke=0000FF;21.8252929688,8.665625,38.6094726563,22.2024414063;51662000;Khartoum;Africa;Arabic,English;Sudanese Pound
97b274c1-33a0-4d37-a0e2-953d6b1c795c;4d08314f-2224-4eff-a3bd-8d141d981fad;🇸🇷 Suriname;1;https://borderly.dev/country/sr.svg?fill=A98467&stroke=A98467;-58.0544921875,1.84223632812,-53.9904785156,5.99345703125;616500;Paramaribo;South America;Dutch;Surinamese Dollar
86837d95-0ad6-4b75-b1f9-fd45d65df1f7;4d08314f-2224-4eff-a3bd-8d141d981fad;🇸🇪 Sweden;2;https://borderly.dev/country/se.svg?fill=00FF00&stroke=00FF00;11.1471679688,55.3463867188,24.15546875,69.0368652344;10608128;Stockholm;Europe;Swedish;Swedish Krona
8bd10e27-a078-44a7-a707-a2dfaacfb9c5;4d08314f-2224-4eff-a3bd-8d141d981fad;🇨🇭 Switzerland;2;https://borderly.dev/country/ch.svg?fill=00FF00&stroke=00FF00;5.97001953125,45.8300292969,10.4545898438,47.7756347656;9139676;Bern;Europe;French,Swiss German,Italian,Romansh;Swiss Franc
e97f7689-8216-4da9-b69c-d89c539aee7a;4d08314f-2224-4eff-a3bd-8d141d981fad;🇸🇾 Syria;3;https://borderly.dev/country/sy.svg?fill=0000FF&stroke=0000FF;35.764453125,32.3172851562,42.3590820313,37.297265625;26472497;Damascus;Asia;Arabic;Syrian Pound
6e02c6fb-125b-4bd3-a9fb-b2a475b58bf7;4d08314f-2224-4eff-a3bd-8d141d981fad;🇸🇹 São Tomé and Príncipe;1;https://borderly.dev/country/st.svg?fill=A98467&stroke=A98467;6.4681640625,0.04736328125,7.45234375,1.69912109375;220372;São Tomé;Africa;Portuguese;São Tomé And Príncipe Dobra
f0ebb95a-6d82-404f-b254-946a33797d8b;4d08314f-2224-4eff-a3bd-8d141d981fad;🇹🇯 Tajikistan;2;https://borderly.dev/country/tj.svg?fill=00FF00&stroke=00FF00;67.349609375,36.6840332031,75.11875,41.0351074219;10721000;Dushanbe;Asia;Russian,Tajik;Tajikistani Somoni
64e0f4df-a283-45c1-bf93-86dfbb3838e4;4d08314f-2224-4eff-a3bd-8d141d981fad;🇹🇿 Tanzania;3;https://borderly.dev/country/tz.svg?fill=0000FF&stroke=0000FF;29.3234375,-11.7162109375,40.4635742188,-0.994921875;68153004;Dodoma;Africa;English,Swahili;Tanzanian Shilling
037e8a56-9178-4956-be40-ea34e0abb735;4d08314f-2224-4eff-a3bd-8d141d981fad;🇹🇭 Thailand;3;https://borderly.dev/country/th.svg?fill=0000FF&stroke=0000FF;97.3739257812,5.63676757813,105.641015625,20.4244140625;65706765;Bangkok;Asia;Thai;Thai Baht
a714182e-d111-452a-aa36-5b16ca6e55d6;4d08314f-2224-4eff-a3bd-8d141d981fad;🇹🇱 Timor-Leste;1;https://borderly.dev/country/tl.svg?fill=A98467&stroke=A98467;124.036328125,-9.5119140625,127.29609375,-8.13994140625;1391221;Dili;Oceania;Portuguese,Tetum;United States Dollar
ed0048c4-73d9-417e-a13a-d6ab0191a5a7;4d08314f-2224-4eff-a3bd-8d141d981fad;🇹🇬 Togo;2;https://borderly.dev/country/tg.svg?fill=00FF00&stroke=00FF00;-0.090185546875,6.08940429687,1.7779296875,11.115625;8095498;Lomé;Africa;French;West African CFA Franc
0fa4c592-4438-46ba-90ec-7ce53a83dd27;4d08314f-2224-4eff-a3bd-8d141d981fad;🇹🇴 Tonga;1;https://borderly.dev/country/to.svg?fill=A98467&stroke=A98467;-175.362353516,-21.4505859375,-173.921875,-18.5653320313;100179;Nuku'alofa;Oceania;English,Tongan;Tongan Paʻanga
25cd4bdc-dadf-45bf-99f5-a7d74ea74371;4d08314f-2224-4eff-a3bd-8d141d981fad;🇹🇹 Trinidad and Tobago;1;https://borderly.dev/country/tt.svg?fill=A98467&stroke=A98467;-61.9061035156,10.0646484375,-60.5254882812,11.325390625;1512779;Port Of Spain;North America;English;Trinidad And Tobago Dollar
98ed8dbb-56c6-40b9-b48a-aae0103a641f;4d08314f-2224-4eff-a3bd-8d141d981fad;🇹🇳 Tunisia;2;https://borderly.dev/country/tn.svg?fill=00FF00&stroke=00FF00;7.49560546875,30.2293945312,11.5359375,37.3403808594;11972169;Tunis;Africa;Arabic;Tunisian Dinar
c626c85e-6bcb-4dda-ac96-497b5c099afb;4d08314f-2224-4eff-a3bd-8d141d981fad;🇹🇷 Turkey;4;https://borderly.dev/country/tr.svg?fill=800080&stroke=800080;25.6689453125,35.8314453125,44.8171875,42.0932617188;86092168;Ankara;Europe,Asia;Turkish;Turkish Lira
a0566a07-201a-4374-bd1e-12510f0a5e35;4d08314f-2224-4eff-a3bd-8d141d981fad;🇹🇲 Turkmenistan;2;https://borderly.dev/country/tm.svg?fill=00FF00&stroke=00FF00;52.4938476563,35.1708007813,66.629296875,42.7784667969;7057841;Ashgabat;Asia;Russian,Turkmen;Turkmenistan Manat
076d14ed-64b6-4b37-874c-da9889f68a42;4d08314f-2224-4eff-a3bd-8d141d981fad;🇹🇻 Tuvalu;1;https://borderly.dev/country/tv.svg?fill=A98467&stroke=A98467;176.7,-12.7,180.0,-5.4;10643;Funafuti;Oceania;English,Tuvaluan;Australian Dollar,Tuvaluan Dollar
02505c62-be68-48bb-b6cb-4675aea502fc;4d08314f-2224-4eff-a3bd-8d141d981fad;🇺🇬 Uganda;3;https://borderly.dev/country/ug.svg?fill=0000FF&stroke=0000FF;29.5619140625,-1.469921875,34.9782226563,4.22021484375;45905417;Kampala;Africa;English,Swahili;Ugandan Shilling
7b21e7d5-5fdd-43c0-8f21-a1a0babdd3b1;4d08314f-2224-4eff-a3bd-8d141d981fad;🇺🇦 Ukraine;3;https://borderly.dev/country/ua.svg?fill=0000FF&stroke=0000FF;22.1318359375,44.3875976562,40.1283203125,52.3535644531;28700000;Kyiv;Europe;Ukrainian;Ukrainian Hryvnia
94cc6ff9-edab-494c-a9d9-a9539f12d6fa;4d08314f-2224-4eff-a3bd-8d141d981fad;🇦🇪 United Arab Emirates;2;https://borderly.dev/country/ae.svg?fill=00FF00&stroke=00FF00;51.568359375,22.621484375,56.3879882813,26.0681640625;11027129;Abu Dhabi;Asia;Arabic;United Arab Emirates Dirham
4676798c-eba5-4c31-bca8-0ead0575c162;4d08314f-2224-4eff-a3bd-8d141d981fad;🇬🇧 United Kingdom;3;https://borderly.dev/country/gb.svg?fill=0000FF&stroke=0000FF;-8.14482421875,50.0213867188,1.74658203125,60.8318847656;66912637;London;Europe;English;British Pound
ec12c439-1cfd-4fe2-b73f-6e0c79780047;4d08314f-2224-4eff-a3bd-8d141d981fad;🇺🇸 United States;5;https://borderly.dev/country/us.svg?fill=FF8000&stroke=FF8000;-178.19453125,18.9639160156,179.779980469,71.4076660156;341784857;Washington, D.C.;North America;English;United States Dollar
3019e919-3733-47ef-9713-285ab426b3aa;4d08314f-2224-4eff-a3bd-8d141d981fad;🇺🇾 Uruguay;1;https://borderly.dev/country/uy.svg?fill=A98467&stroke=A98467;-58.4381347656,-34.9328125,-53.1255859375,-30.1010742188;3485931;Montevideo;South America;Spanish;Uruguayan Peso
94973f16-d522-4434-a661-efb0d61cd9b7;4d08314f-2224-4eff-a3bd-8d141d981fad;🇺🇿 Uzbekistan;3;https://borderly.dev/country/uz.svg?fill=0000FF&stroke=0000FF;55.9756835938,37.1722167969,73.1369140625,45.5553710938;39047321;Tashkent;Asia;Russian,Uzbek;Uzbekistani Soʻm
cedb6e76-cdf2-4088-a7d9-6f02c2b9bd01;4d08314f-2224-4eff-a3bd-8d141d981fad;🇻🇺 Vanuatu;1;https://borderly.dev/country/vu.svg?fill=A98467&stroke=A98467;166.526074219,-20.241796875,169.896289063,-13.7094726563;321409;Port Vila;Oceania;Bislama,English,French;Vanuatu Vatu
571dfcf5-f030-48e1-a196-4274bf00895e;4d08314f-2224-4eff-a3bd-8d141d981fad;🇻🇪 Venezuela;3;https://borderly.dev/country/ve.svg?fill=0000FF&stroke=0000FF;-73.3662109375,0.68798828125,-59.82890625,12.1778808594;28517000;Caracas;South America;Spanish;Venezuelan Bolívar Soberano
d2bef79d-a48f-410b-8faf-afb04bf78ece;4d08314f-2224-4eff-a3bd-8d141d981fad;🇻🇳 Vietnam;4;https://borderly.dev/country/vn.svg?fill=800080&stroke=800080;102.127441406,8.58325195312,109.444921875,23.3452148438;102300000;Hanoi;Asia;Vietnamese;Vietnamese Đồng
c827439c-21bb-41b6-bf90-63434038ccd3;4d08314f-2224-4eff-a3bd-8d141d981fad;🇾🇪 Yemen;3;https://borderly.dev/country/ye.svg?fill=0000FF&stroke=0000FF;42.5490234375,12.3189941406,54.5111328125,18.9961425781;32684503;Sana'a;Asia;Arabic;Yemeni Rial
45d29e90-c7a5-477c-811b-7e540f1ed5d4;4d08314f-2224-4eff-a3bd-8d141d981fad;🇿🇲 Zambia;2;https://borderly.dev/country/zm.svg?fill=00FF00&stroke=00FF00;21.97890625,-18.0415039062,33.6615234375,-8.19365234375;19693423;Lusaka;Africa;English;Zambian Kwacha
e2adad85-d51c-4af9-a69b-17b6c0108b0a;4d08314f-2224-4eff-a3bd-8d141d981fad;🇿🇼 Zimbabwe;2;https://borderly.dev/country/zw.svg?fill=00FF00&stroke=00FF00;25.2240234375,-22.4020507813,33.0067382813,-15.6430664062;17073087;Harare;Africa;Barwe,English,Kalanga,Khoisan Languages,Ndau,Northern Ndebele,Chichewa,Shona,Sotho,Tonga (Zambia),Tswana,Tsonga,Venda,Xhosa,Zimbabwean Sign Language;Zimbabwean Dollar
